area,bedrooms,bathrooms,stories,parking,mainroad,guestroom,price
1360,1,1,2,1,0,1,250900.37713398202
1794,2,2,3,2,1,1,352783.5584216078
1630,3,2,3,2,1,0,321823.710596385
1595,3,3,3,0,0,1,334499.54098670935
2138,4,1,2,3,1,1,409433.5527032679
2669,2,2,2,0,1,1,454656.8475912613
966,3,1,3,0,0,1,216770.59621516222
1738,1,2,1,0,1,0,344866.1094411077
830,4,2,2,2,0,1,212163.44668185845
1982,1,1,1,0,0,0,357255.5308248405
2635,2,2,1,0,1,1,504536.6342946019
3419,2,2,2,3,1,0,578781.6219524465
630,2,3,2,3,1,0,191680.8841639793
2185,4,2,1,0,0,1,446824.6383563262
1269,3,2,1,3,1,1,279928.4007718191
2891,4,2,3,3,0,0,537386.242915308
2015,1,3,3,0,1,1,353849.89051250217
3353,4,1,2,2,1,1,585316.7619936067
2933,1,3,3,0,1,1,536061.7736933788
1715,4,3,3,3,0,0,420835.652859025
1455,3,1,3,2,1,1,305329.8633305662
2824,1,3,3,1,1,1,480347.4735549729
1684,2,1,1,2,0,1,279495.01618453383
959,2,3,2,3,0,0,230134.20628123407
521,4,1,3,2,1,1,202694.135961045
2800,2,2,1,0,1,0,494747.0736575079
1247,1,3,1,1,1,1,270255.11727020255
3404,2,3,1,1,0,0,605782.887738352
974,3,3,3,1,0,1,231695.41824962097
1582,3,3,3,3,0,1,347681.8943991513
3058,4,2,2,3,0,0,543292.3575959521
2547,1,3,3,1,1,0,461620.8852909585
3247,3,2,3,2,0,0,554924.6129134903
1475,3,2,1,1,0,1,286370.4785713241
2306,1,2,2,2,0,1,410345.688675092
689,2,2,3,2,1,1,188920.570002769
3234,2,1,3,3,1,1,567878.769939724
1062,4,1,1,2,0,0,237400.81086874372
2399,2,3,1,1,0,1,458623.915381288
1767,1,1,3,3,1,1,367273.117362252
3379,3,1,2,0,1,1,595078.4353479398
2028,2,3,2,0,1,1,366000.37043123366
1146,4,3,1,3,1,1,278691.80028860294
2568,2,3,1,1,1,1,463714.299385748
3388,1,1,3,0,1,1,556057.0033842287
2714,4,1,1,0,1,0,483947.0235805921
1797,2,3,3,2,1,1,342663.43013437086
2935,4,2,2,2,0,1,569121.3293905659
1100,1,3,2,1,0,1,260904.4134304343
2863,3,2,3,3,0,1,537014.0452380351
2561,1,2,1,1,0,0,429907.81340159633
741,1,3,2,3,0,0,212726.78590145108
2541,1,3,1,0,0,0,448938.09873560537
3324,1,3,2,2,1,0,602732.7556843618
3112,3,1,3,1,1,0,546618.9583548032
3445,3,2,3,1,0,0,635536.2617172834
1863,4,1,3,3,0,1,398787.75751379714
2639,2,1,2,3,1,0,479040.72590871865
1890,3,3,1,1,1,0,397619.4584086231
1978,3,1,1,3,1,1,368316.76116332057
3056,2,3,1,1,0,0,504049.9928130595
1275,3,2,2,1,1,1,287681.0102609495
534,1,3,2,1,0,1,150958.19108373064
2753,1,1,2,0,0,0,446995.65315444744
2455,2,1,2,3,1,1,470576.24078698806
2085,4,3,2,2,1,0,428092.7842642126
1521,4,3,1,2,0,0,327421.3814707097
3113,2,1,2,3,1,1,538408.9488249181
1629,2,2,2,1,1,1,341972.4627855905
2000,1,2,1,2,0,0,366037.5156261584
1202,4,3,2,2,1,1,314773.19353788585
2949,3,2,1,3,0,1,514404.7206672764
3277,1,1,1,2,0,0,557631.7692009399
2079,2,3,3,1,1,0,443625.36847532744
661,4,1,3,3,0,1,211990.7679464941
701,3,1,3,1,0,0,159964.2342551142
2481,3,2,3,2,1,0,454105.954315276
1495,1,3,2,2,1,0,298742.4608881382
2817,4,3,3,1,1,0,526262.4557196295
1315,4,2,1,0,0,0,267828.1474862547
955,2,1,2,2,0,0,213898.84932735696
1775,4,1,3,0,1,0,358049.04881499696
1516,4,1,1,2,0,1,306445.7811277258
2843,1,1,2,0,1,0,469625.94500399707
3267,4,3,2,0,1,1,595573.0814567091
837,3,3,3,0,0,1,236481.51015058003
1378,1,2,2,1,1,1,236460.8394500037
1576,1,2,1,0,0,0,278172.19183042535
1291,2,3,2,0,0,0,271409.7518985465
2764,4,3,1,0,1,1,529271.6613709459
1263,2,1,2,2,0,0,227249.08121432352
2735,3,1,3,0,1,1,469991.80635093764
879,1,2,1,2,0,0,195529.09989756267
992,1,3,2,0,0,0,172710.9551948617
1680,1,2,2,0,0,1,333643.78221521573
2562,3,3,2,1,1,1,490831.8398298562
564,3,1,1,2,0,1,180774.42425686875
3068,2,2,1,0,1,0,500458.55246860976
1867,2,2,1,2,0,1,338322.8106256352
1652,2,3,3,2,0,0,289642.6334614623
2527,4,1,3,3,1,0,464136.2047400945
3195,1,2,1,1,1,0,532573.0623855625
1995,1,1,2,1,1,1,317995.8483998313
1662,2,2,3,1,1,1,329407.463756032
2022,1,1,1,3,1,1,323553.19646279514
3140,2,3,2,3,0,0,552850.7963017715
891,4,2,3,1,0,0,249592.23854216473
2198,4,2,2,3,1,1,439000.40499771753
918,3,1,2,3,0,0,243864.14745223607
2836,4,1,2,3,0,0,524125.85126789217
878,2,2,2,1,0,1,228662.95697213942
2296,4,3,3,1,1,1,449101.0951824343
2778,3,1,3,1,0,1,476917.16743214795
2588,1,1,3,3,0,0,456112.26832770737
2682,2,1,1,1,0,0,415745.9581673428
700,1,2,3,3,1,0,197422.87499524181
2363,3,2,2,0,0,0,417971.6036690614
1279,3,2,3,3,0,0,311449.9367509331
3477,3,2,2,2,1,1,630140.2450815882
1002,1,3,1,1,1,0,241234.12860680255
2954,1,3,2,1,0,0,495015.8783720991
2251,1,2,2,2,0,0,418614.20537523454
1304,1,3,2,3,1,1,316494.24988728564
2646,3,1,1,0,1,1,461125.72353239317
3231,3,1,3,2,1,1,560862.9876126703
2395,2,1,3,2,1,0,420814.2559753118
3273,2,2,1,3,1,1,597730.2598403193
2070,1,1,2,1,1,1,422186.91484846623
1460,4,3,3,3,1,1,329367.0985964956
3160,4,2,1,2,0,0,534829.5989991488
1985,3,3,3,2,1,1,431178.2836134896
3190,3,1,1,1,1,0,528421.7294126671
1528,3,1,2,1,0,0,312567.1076845654
1002,2,1,3,1,1,1,235606.92347053293
3314,2,2,1,3,1,0,573620.4539500407
897,3,3,3,1,0,1,243375.43069043377
1370,3,2,3,2,1,0,311103.9673830679
3342,3,2,3,2,0,1,590707.8700442765
892,4,1,3,0,0,1,179672.7793672301
706,2,2,1,3,0,1,181473.0145717807
1538,4,2,2,0,0,0,342161.2073212833
2381,4,1,1,2,1,1,409974.62673590955
3439,3,2,1,0,0,0,558534.2995972211
1984,3,1,1,2,0,1,371136.53949532023
1363,1,1,2,0,1,0,253221.83725464562
3290,1,1,3,1,0,0,552723.6431916858
1063,4,1,3,0,0,1,226463.63584344677
1520,2,2,3,1,0,1,329249.1657318461
595,3,1,2,1,0,1,158188.01131380422
2423,3,1,3,3,1,1,473389.71044686117
2257,4,2,2,1,0,1,434955.54821942194
3032,1,2,3,1,1,0,531309.8993592198
2778,2,3,3,0,1,1,524236.6731405626
3296,1,2,1,2,0,1,555129.759079339
2178,1,2,2,3,0,0,367896.01943808974
1040,1,3,1,1,0,1,241747.13651431928
1559,1,2,1,3,0,1,312212.54572496365
3072,3,2,1,0,1,0,490662.9921728438
1683,3,2,2,1,1,1,329365.9943024865
2222,1,2,2,0,1,1,419147.2092498561
2319,2,3,3,3,0,1,411311.4290704433
3125,4,2,1,0,1,0,569621.3376380149
3229,2,2,3,3,0,1,569525.549286915
3104,2,3,1,0,0,0,556405.6514066798
2097,2,1,2,3,0,1,382527.06421849073
3193,1,3,2,2,0,0,536508.6401400875
1295,3,1,2,0,0,1,263411.7132151828
1551,2,3,1,0,1,0,306042.2902098003
2143,1,3,2,2,1,0,387232.97731718636
1863,2,2,1,2,0,0,385816.86966022773
2481,2,1,3,0,1,0,418728.0363683137
1854,1,2,1,2,0,0,285240.89249880414
2163,3,1,3,1,0,0,427083.9793624299
2029,3,3,1,3,0,1,386678.7305536815
2538,4,3,3,3,1,1,504764.5347806861
1996,1,1,2,3,0,0,345241.8787074193
2737,4,2,3,1,0,0,492156.97131683346
1908,4,2,2,2,1,0,370876.15057473106
1900,4,2,2,2,1,0,365063.6539500607
1806,3,2,3,0,1,1,365195.1952340913
3180,1,3,1,2,0,0,532960.2488464873
3175,4,3,1,0,0,1,579857.2438066789
1472,1,3,1,1,1,1,304453.88103232306
2268,1,3,1,3,0,0,390649.7561294919
1782,3,3,1,3,1,0,368470.42552144715
1209,4,2,2,3,1,1,282993.2335175729
1979,4,2,1,2,0,1,364016.7911473267
1934,1,2,2,0,0,0,353888.63141030265
1148,2,2,2,0,1,0,239773.4944138327
817,3,3,2,1,1,0,211398.9995965904
1757,3,3,3,2,1,1,361438.6552715344
1183,3,3,3,1,1,1,266891.2647785332
1163,3,1,2,0,0,0,272225.36047829094
2498,4,2,3,0,1,1,484382.3729925999
2131,4,2,1,3,1,1,399827.4192559437
1995,2,3,1,2,1,0,389007.31796645623
1636,3,2,2,0,0,0,336640.32353591075
2353,3,2,1,3,0,1,438300.3522506009
2020,1,3,2,2,1,1,417480.4268426625
2989,4,1,2,1,0,0,490493.73715860065
1063,3,1,1,2,0,0,179623.55905239578
1791,2,1,3,2,0,0,339860.34843707504
2136,2,3,1,0,1,0,399929.92286747764
3499,4,2,1,0,1,0,540059.9964349151
1198,2,3,2,2,0,1,254228.4781759597
2660,2,3,2,0,1,1,465826.7537123309
501,4,2,2,0,1,1,142311.07518593688
1141,3,1,2,0,0,1,213929.16470780378
2767,3,1,3,3,0,0,507965.7560319872
2089,2,3,3,3,1,0,398001.89957420586
1354,2,1,3,2,0,0,249437.55730836318
2259,3,3,2,0,1,1,403473.8938228464
2932,4,3,2,3,1,1,587178.1928503165
2161,2,2,2,2,0,1,407842.6473094127
1653,1,2,3,0,1,0,266102.875941942
1576,4,2,2,1,1,1,316755.19841553626
2207,2,3,1,0,0,0,405620.3576878985
3277,2,2,1,0,0,0,569177.8509796567
2195,1,1,2,3,0,0,399066.7751873331
2233,1,1,1,2,1,0,377836.3417948423
1939,3,3,1,2,0,0,336222.4627841392
2794,4,3,3,3,0,0,551504.9798782262
1335,4,2,2,0,0,1,279312.0629735899
702,3,3,2,1,0,0,193677.2402923014
622,4,3,3,0,1,0,199751.59123583007
900,4,1,1,0,1,1,182889.41000847463
1266,4,1,1,1,0,0,262185.0042444598
793,4,2,2,3,1,1,233479.18062226893
2827,4,3,1,2,0,1,514534.22314170405
3431,1,3,3,3,0,1,614072.1159972497
697,4,1,3,3,1,0,178070.00905153388
2430,1,3,2,0,1,0,431119.9444823378
3299,4,1,3,2,0,1,586372.5494587158
2691,3,2,3,2,0,0,456951.44735729875
1108,2,1,2,3,1,0,238058.06778327894
1647,1,3,3,1,0,1,341722.9029336259
686,4,2,3,3,1,1,214835.38151914265
3011,3,1,3,1,0,0,521967.7019497131
2294,2,1,1,2,0,1,410346.88078468334
1159,1,2,2,3,1,1,246093.99782267454
3311,2,2,2,0,1,1,565694.0520091142
2455,3,1,2,3,1,0,427715.92970935063
2950,1,3,1,2,1,0,516201.2644535847
1869,2,1,1,0,1,0,323653.0303279044
2486,4,2,2,0,1,1,477881.79590106645
2034,1,1,1,1,1,0,361369.1990836648
646,2,2,2,0,0,1,177724.18078025762
3411,3,2,1,0,0,0,563484.7929820974
2234,3,3,3,3,0,0,396568.3782875177
2343,1,2,3,2,1,1,449282.7949292955
988,2,2,2,1,1,0,231822.41928194818
3476,1,3,1,3,1,1,592694.1679062782
2459,1,2,1,0,0,0,421948.80399134674
2163,2,3,3,0,1,0,385478.2039496752
3098,2,3,3,1,1,1,585304.8042574055
2885,4,2,1,2,0,1,513077.508964119
3419,2,2,1,1,1,1,568271.4477399021
1140,3,1,1,3,0,0,223565.96887522226
2302,1,3,1,1,0,0,399670.3002799958
3020,1,1,1,0,1,0,492759.75853401073
2469,3,2,1,3,1,1,463315.60560798814
2698,2,1,2,0,1,1,459107.8511208375
1938,3,3,1,2,0,1,383704.79146922956
2134,3,1,3,0,0,0,386265.5854866687
762,4,3,2,0,0,0,193348.540088512
2287,3,2,1,1,1,1,409086.1875115747
2691,1,2,3,0,1,0,483817.31085789675
2893,3,3,2,3,1,1,556436.5207199581
1123,1,2,3,3,1,0,252592.72710322528
1516,1,2,1,2,0,0,297883.90931980405
1380,1,2,1,3,0,1,229773.4468766473
2549,2,2,1,1,0,0,428062.1071698659
3444,4,3,1,2,0,0,587473.6577533071
1827,1,1,2,3,1,1,387175.445302757
2801,1,1,2,1,1,1,492414.3964079197
952,2,2,3,3,1,0,234218.76032683448
1683,1,1,1,3,0,1,318149.8115769231
2556,3,1,3,0,0,0,471725.5132751023
2182,3,2,2,3,1,1,449412.63383048144
3363,4,2,1,3,1,0,619884.0697020071
2755,1,1,1,1,0,0,442999.19353435875
1654,2,3,2,1,1,1,330072.69161032094
903,3,2,2,0,0,0,186206.2164003863
2699,2,3,2,3,0,0,501898.94533458014
2601,2,1,2,0,0,1,439971.2852934244
2196,3,2,2,3,1,1,421030.5793896561
1127,2,3,1,2,1,0,243636.77276544395
1086,3,2,2,2,0,1,276903.8526126938
2148,2,1,1,0,1,1,396253.6082568334
1943,3,3,1,0,0,0,402057.8771225633
1945,1,1,2,0,0,0,340330.3259978422
603,4,1,2,1,0,1,169589.08880509797
753,3,2,1,1,0,1,184441.95098510152
3057,3,3,2,1,1,1,540143.9690547705
1996,4,1,2,0,0,0,342171.620164972
598,3,1,2,3,0,0,172846.8204378575
2700,3,3,3,2,1,0,496306.4257903349
2384,2,1,1,0,0,0,401829.15507734474
3461,4,1,3,1,0,0,622459.3336619042
2419,1,3,2,1,1,0,426540.92133938207
1377,3,3,3,0,1,0,346759.63269183156
837,4,3,2,0,1,1,212736.097581118
3369,2,3,3,1,0,1,615153.8951297969
1456,1,2,2,3,1,0,301895.12362264725
2204,4,3,3,1,1,0,469481.904998923
660,1,2,3,1,0,0,139676.0477728062
2103,1,2,3,0,0,1,424590.4183390722
3348,1,2,1,3,0,0,555624.4983243418
897,3,1,3,1,0,1,224082.95878598563
1800,3,2,1,1,0,1,370889.74977893004
1315,2,2,2,2,1,1,270156.75865009567
2027,2,1,3,0,1,1,391564.5272589436
2419,4,1,2,2,1,1,440420.6070955701
1915,2,1,2,2,0,0,373189.23160915676
1658,1,3,3,1,0,0,308496.38537542534
1718,1,1,1,0,0,1,293470.13964991516
900,3,1,3,3,1,0,232122.4140202392
1139,1,2,2,1,1,1,256535.9953944523
3235,4,1,2,3,0,1,612619.5261685309
959,1,3,3,3,1,0,229810.62020771022
1454,1,1,1,0,0,0,270874.69548547216
969,4,3,1,2,1,0,288755.16897268273
1545,2,1,2,0,1,0,293064.66721729835
3297,2,1,2,3,1,0,556547.3449975941
2193,4,1,1,1,0,1,364349.32521129417
2585,3,1,3,3,1,0,516415.51534822123
2777,1,3,2,1,1,0,488661.11340151273
1062,4,3,1,1,0,0,228272.830015389
2985,1,2,2,0,1,1,485583.3983158047
2299,3,3,3,3,0,0,429785.71619219915
2574,1,1,1,2,0,1,449494.1058645433
725,4,2,2,3,0,0,224907.37055349475
1297,1,2,3,3,0,0,280592.43742911075
2831,2,2,2,2,0,1,502296.7565470673
3426,3,1,3,0,1,0,564989.5882099733
1459,3,3,3,3,0,0,309251.18108195905
2004,3,1,1,3,0,1,348467.6117863745
952,4,2,3,1,0,0,247256.4201105253
1315,3,1,2,3,0,1,253983.7504227659
1158,2,1,3,2,1,1,240415.07777892816
1046,4,3,3,1,0,1,263230.2551400299
1715,2,3,1,0,1,1,302853.9969380731
516,1,2,3,1,0,1,146335.42861681693
1743,1,1,3,2,1,0,325306.94237928925
2705,1,1,2,2,0,0,477434.1829192338
3024,1,3,1,1,0,0,496202.689099325
1569,2,1,1,0,1,1,264366.0896337533
3065,4,1,1,1,0,1,522268.8070081743
2646,4,1,3,0,1,1,465938.1741312797
2268,3,3,1,1,0,1,424983.0918362625
1560,2,2,3,2,1,0,284801.3027634679
2827,1,2,3,3,0,0,484943.0919324544
3044,2,1,2,3,0,1,506032.5666035556
801,3,2,2,0,1,1,216505.1415417214
680,3,3,2,0,0,0,167788.7058074927
1106,2,3,2,0,0,1,208178.08482803003
1199,2,2,2,2,0,1,250813.59806130902
1492,2,2,3,1,0,1,308197.7228054902
1639,4,1,3,2,0,0,326425.8961347855
690,1,2,1,3,0,0,148273.54441561786
2800,2,1,3,0,1,1,477568.7579883147
1480,2,1,3,1,1,0,295258.9606488407
3475,2,3,2,3,1,1,605461.025015209
2506,3,3,3,3,0,1,479330.3405717893
1684,3,3,2,3,1,0,374608.93141774746
627,4,3,1,2,0,1,167023.5384218871
2565,1,2,1,0,0,1,430876.6596051946
2316,4,3,3,3,0,0,426620.2117440599
2258,1,2,1,0,0,1,390258.5934001991
3113,3,3,3,2,1,1,562373.8157840187
1069,3,2,1,3,0,1,262741.8362606159
1846,3,1,2,2,1,0,325361.053807093
2395,4,2,2,2,0,1,463091.5807360202
3233,2,2,2,0,1,0,579372.6215705299
1125,2,3,2,3,1,1,250136.21197159062
3401,3,2,3,2,1,1,595912.3014201012
2186,2,1,1,3,1,1,379016.087112468
654,2,1,3,0,1,1,159382.74623191392
3037,4,3,2,2,1,0,577898.4359837893
1909,1,1,3,0,0,0,320999.90132225753
1284,3,2,1,3,1,1,262180.8354958729
745,3,1,3,3,0,1,157374.9258683342
2000,4,3,1,0,1,1,431038.9501302479
2205,4,2,3,1,0,1,462359.91260829294
3306,2,3,1,2,1,1,596104.7407897691
1037,3,2,1,3,1,1,231342.3261115003
2390,1,1,2,3,0,1,431454.04230263294
2341,4,3,1,2,1,1,479124.1383498613
1420,1,3,2,0,1,0,279915.03737174533
2955,1,2,2,0,1,0,504077.3708799778
1024,3,3,2,0,0,0,260235.36458978985
3375,3,2,3,1,1,1,571440.7728588718
2029,4,2,3,1,0,1,422318.45646244346
3450,3,2,3,3,1,1,619316.9237728697
535,3,2,3,0,1,0,145998.43395977898
1184,3,1,1,2,0,1,221993.87053411323
519,1,2,1,3,1,0,127555.55730961823
2868,4,3,3,2,1,1,530998.585597976
3059,2,1,1,3,0,0,549277.7794877803
899,1,3,1,1,1,0,213674.05877002003
3201,3,1,2,3,0,0,574439.6550721714
1471,1,2,2,1,0,1,291897.36583233357
2406,3,1,2,3,0,0,435124.55216940347
3018,3,1,2,0,1,1,527195.1064673127
1666,1,3,1,2,0,1,310949.74722180277
1615,4,3,3,0,0,1,340934.3524711966
1333,3,2,1,3,1,1,263787.93252374214
2323,4,1,1,3,0,1,450086.52302080527
3274,2,1,1,3,1,0,519835.33427993907
2482,3,1,2,1,1,1,429127.788189416
1353,4,2,2,2,1,1,348190.6826192122
550,4,2,2,2,1,1,190223.45766129653
1074,2,2,3,3,0,1,252654.20890060396
1648,4,2,1,3,0,1,351946.77095535456
2697,4,2,3,1,0,0,466743.25013757206
2861,2,3,2,0,0,0,473274.13267059956
3117,3,1,3,0,0,1,529652.1130690231
2852,4,1,1,2,1,0,489732.7808490462
2215,4,1,1,1,0,0,395750.88069981197
1181,4,1,2,3,0,1,274860.98590604274
1337,1,1,2,2,0,0,276333.2609574119
1577,2,1,3,1,1,1,328771.7667957918
2991,1,1,2,0,1,0,476764.46576622094
3160,2,1,2,1,0,0,519500.71844104416
2811,3,3,1,0,1,0,492711.0965750077
2095,3,1,2,1,0,1,361918.782419753
504,4,3,2,2,0,0,152716.49774644335
1626,2,2,1,0,1,0,339186.2477544908
1719,3,1,1,2,1,1,333062.844864653
1273,2,2,3,2,0,1,269465.39586790506
1376,3,2,2,0,0,0,286085.151331886
1491,1,2,1,0,1,1,291324.92207483144
3431,3,3,3,3,0,0,642026.5130741284
546,1,2,3,3,1,0,150026.76773266468
3414,3,2,2,3,0,1,610154.4443374564
3370,4,2,2,2,1,1,592276.5204729835
3483,1,1,3,2,0,1,579646.8411252254
3203,3,1,1,3,0,0,546584.851343241
768,4,3,3,2,1,1,243289.6799143812
869,1,3,2,2,0,0,204556.4221169438
1135,4,1,1,0,0,1,251286.61965089838
1629,2,3,1,0,1,0,306410.23218048457
2193,2,1,3,2,0,1,403583.4854580694
2182,1,2,2,3,0,0,377121.903209592
1156,3,2,3,1,0,1,319815.05131771765
619,1,3,3,3,1,0,169592.7136447274
1330,4,1,3,1,1,1,281486.9469131089
2310,3,1,1,3,1,1,444152.9615402624
1581,2,3,1,0,0,0,292560.6971299768
2474,3,1,2,2,0,1,461760.9225540206
1869,2,2,2,2,0,0,353410.4518745177
1240,3,3,3,0,0,0,267936.2146689242
616,3,3,3,1,1,1,187344.89301750445
2353,3,1,3,1,0,0,408173.2687672625
3338,4,3,2,1,0,1,594853.5799497452
1650,4,1,1,0,0,1,309012.07363310404
2431,1,1,1,1,1,0,393012.37513152254
1512,1,1,3,0,0,1,275615.3513962691
2164,2,1,3,3,0,0,373717.69414663984
1581,4,1,3,3,0,0,343268.02433192707
1133,2,3,3,0,0,1,273897.2479891993
1012,1,2,2,2,0,1,202713.4961958294
3349,2,2,1,3,1,0,564146.5388976956
1619,1,3,3,1,0,0,321408.33614019747
1641,4,3,2,0,0,1,368457.3218606313
1059,3,2,3,1,0,1,276583.27328506345
987,4,2,3,1,0,1,217995.14553527464
1396,2,2,1,2,0,1,296526.0965930305
1712,2,2,3,1,0,0,328568.9332412961
1203,4,2,1,2,0,1,266606.2059907893
1970,4,1,1,3,0,0,380594.2473130112
1080,1,3,1,0,0,0,206380.8505916777
3337,2,1,2,1,0,1,580484.0126421661
3408,2,2,2,0,1,0,609679.2454353961
2794,4,2,1,1,1,1,540325.6855507047
653,3,2,3,0,1,0,149071.7042346944
2179,2,1,1,1,1,1,382256.8546254314
1496,3,1,3,1,0,0,256695.38830384484
3244,4,2,1,1,1,0,558294.3987611332
1743,4,1,3,1,1,1,309500.02257740684
1592,1,1,2,1,0,1,295805.3326927897
1508,2,2,3,1,1,0,313586.1927116035
2641,3,1,1,1,1,0,452497.97786886466
2273,1,3,2,1,0,1,397127.03778899397
1457,2,3,3,1,0,0,309830.6324870734
952,1,3,3,0,0,1,197571.55857257807
1727,4,3,3,2,1,0,357460.7577046535
3459,2,2,3,1,1,1,582801.6759613059
2765,1,2,3,2,0,0,478673.181385227
3021,1,2,2,1,0,1,501503.84860934474
2979,3,3,2,1,1,1,541165.2396307266
2888,1,3,2,0,0,0,505636.17480037466
1050,2,1,2,3,1,1,254765.93209718997
2135,2,1,1,3,0,0,404259.6156979177
1812,3,3,2,0,0,1,360002.73955936584
2257,2,3,3,2,1,1,450501.7820512554
856,4,3,3,3,0,1,252176.92714261828
2570,2,3,2,0,0,0,424016.2860237219
2285,2,1,3,0,0,1,396356.05888057826
3069,1,3,2,3,1,0,540048.0355451867
2281,1,1,3,2,0,1,392933.7434846078
3349,2,3,1,0,0,0,565531.2134276233
3309,3,3,1,1,0,0,570960.3889357134
2989,1,3,2,2,0,0,500623.46472149884
2131,3,1,2,2,0,1,389629.48092305893
3316,2,1,2,3,0,0,547618.9920582994
1515,2,2,3,3,1,1,272865.14546166215
1848,4,3,2,1,1,0,356258.6215937907
1015,1,2,1,0,0,0,196028.28651626158
3339,2,2,3,3,1,0,615687.8262830821
835,4,1,2,3,1,0,169705.93484643468
2282,1,1,3,2,0,1,385892.1673249269
2805,2,2,3,3,1,0,522379.07667989517
996,2,3,2,3,1,0,263963.9092750634
1395,1,1,3,3,1,1,276847.72876847966
2707,1,3,1,3,1,0,471394.35283157864
1351,1,3,1,2,1,0,301044.21499780385
2187,2,2,3,1,1,0,426971.8541199714
2431,2,2,2,1,1,0,456822.36796152033
3237,4,2,3,0,1,1,579188.719950185
2927,3,2,1,3,0,1,543323.8847536736
2068,1,1,3,2,0,0,327298.6253427258
1456,2,1,3,0,1,1,312024.6018331803
3238,2,2,1,0,1,1,551369.3569311622
2136,1,1,3,1,0,0,373978.6838249563
1791,3,2,3,2,1,1,352744.94683845044
1940,1,3,2,2,1,0,336719.47303783696
1691,3,3,2,2,0,1,352804.08295583463
1566,2,3,1,1,0,1,319927.89099182794
784,3,2,1,1,0,1,203653.8476963753
2944,4,3,1,1,1,0,552495.5719164917
511,2,1,2,1,1,1,152013.23390106915
2130,4,3,1,1,0,0,390024.2712761408
3046,1,3,1,3,0,0,541249.5214504007
1253,1,3,1,3,1,1,251237.5530504934
2582,1,1,2,2,0,0,457441.2847213027
3274,3,2,3,0,1,1,582420.3626238765
3396,2,1,1,2,1,0,568385.8156026903
589,1,2,3,0,0,0,163668.53236610204
1275,1,2,1,1,0,1,263279.3725106828
3152,2,3,3,0,1,1,583212.7735790028
2125,1,2,2,2,0,1,367340.8430088866
917,4,1,2,2,0,1,235803.39100877105
614,2,1,1,0,0,0,115804.20780059104
1116,2,2,3,3,0,0,266158.02803455316
1325,2,3,2,1,1,0,257246.7360787547
2149,4,3,1,1,1,1,424476.39876123273
2016,2,1,1,2,1,0,345982.1772098866
912,4,3,2,3,1,1,276198.7130489605
1228,2,2,2,0,0,0,266503.3354817803
3308,3,2,1,1,0,1,572179.9302758387
1175,1,1,3,3,1,0,250572.18287875768
2392,3,2,3,1,1,0,465883.5424496227
3004,1,1,3,3,0,1,539022.2975989823
3467,4,2,1,3,1,0,617796.2234932432
2739,3,1,2,2,1,1,483856.4935010404
3286,2,3,1,1,0,0,574845.3497288098
1622,1,2,2,0,1,0,266125.45257812657
2071,1,2,3,2,0,1,401843.03079117654
1477,3,1,3,2,0,1,288346.26101116574
1508,4,1,2,0,1,0,299395.44267455104
2643,3,2,2,2,0,0,494771.0264623662
2187,4,1,1,3,1,0,404739.8096722062
3210,4,2,3,3,0,0,597448.1775714961
536,1,3,1,1,1,0,172178.1750814883
2048,3,1,1,1,1,0,374400.6618009501
2826,3,2,1,0,1,1,507128.96311649424
2764,4,3,3,1,0,1,522211.2825211256
3414,3,3,1,3,0,1,608411.9599412744
1372,2,2,1,0,1,0,245471.90440099937
2321,2,1,1,0,0,0,382275.2382688385
1796,3,2,1,1,1,0,320635.8878603496
2609,3,3,1,3,1,1,477374.65550945204
1095,4,2,1,0,0,1,201191.01958655674
2403,2,1,3,3,1,0,446728.56307009776
1228,2,3,1,3,0,0,297032.0433075483
1865,1,2,2,3,1,1,350627.8852971886
896,4,1,1,1,0,1,223702.6718114476
1198,1,3,1,2,1,1,281213.8563203383
2724,2,1,3,2,1,0,460617.2553130346
2135,4,3,3,0,0,0,400574.12164618354
895,3,2,2,3,1,0,249065.96176704415
2992,4,1,2,1,1,1,534953.1727401629
575,3,3,3,3,0,1,170434.22267698814
764,3,1,3,3,1,0,192862.80826142785
3002,4,1,1,1,0,0,523693.2048962413
2319,3,2,3,2,1,1,434971.2665179033
1217,1,1,2,3,0,0,180059.26269131212
3282,2,3,1,3,1,1,579859.7364558433
1350,3,3,2,2,1,1,304680.1361228961
1890,1,3,1,1,1,0,352684.52868288656
643,3,3,3,0,0,1,216627.66746579058
1384,2,2,2,2,0,0,278670.4559579809
895,1,1,1,0,0,1,174108.74708851415
3495,2,2,1,0,0,1,602360.7394729884
3438,2,1,3,2,1,0,591906.8803167152
1992,1,1,3,3,1,1,417530.41490580206
1667,1,1,3,0,0,0,270775.83412042
3116,1,2,2,0,0,0,498717.04573784315
1562,4,1,1,1,0,1,316579.1681654163
2656,1,2,3,3,1,0,506486.2706587728
1565,1,3,2,0,0,0,292734.1000626275
1709,1,3,2,1,0,0,303137.5765842119
3482,1,1,2,3,1,0,620519.7917045071
2945,3,2,3,2,1,0,523902.6221039138
1133,4,3,3,2,0,0,286731.0890226596
1656,2,2,1,1,1,1,346683.0362269557
1738,1,2,1,2,0,0,303867.89553157956
1232,3,1,3,0,1,1,253357.4432548657
734,3,3,2,3,0,1,201026.2451594067
3205,3,1,2,0,0,0,556781.0251314953
1250,2,1,2,0,0,1,261702.9541040532
3135,1,3,1,2,0,1,539924.5078352425
1453,4,3,2,0,1,0,357611.64506139467
3039,4,2,1,2,1,0,548489.3311854026
3460,3,3,1,3,1,0,643846.6642833633
2042,2,2,2,3,1,1,387659.9679149812
1697,2,2,2,0,0,1,366225.1306741113
2176,2,2,3,1,0,0,430802.62831159425
1691,4,3,3,2,1,0,371090.5072894297
2717,3,1,2,2,1,1,519240.80417434004
1916,1,2,1,0,1,1,372079.6098234404
3493,4,1,1,2,1,1,640010.821525853
3342,3,1,1,2,1,1,526660.2732855938
3181,3,3,1,1,0,0,570537.0289858168
1717,1,1,1,1,0,1,308395.97538611485
2040,1,1,3,0,0,1,366421.46561886906
2576,1,3,2,1,1,1,472766.92866795795
1945,2,2,3,0,1,1,379706.2255902905
2886,1,1,1,3,1,0,513562.8061059616
2019,3,3,1,0,1,0,397639.46747386747
1888,1,1,1,3,0,1,337538.12887464726
2356,3,1,1,0,0,1,431187.6202967124
1865,4,2,2,2,1,0,388110.52356823743
999,2,1,1,1,0,0,205121.3685470676
2180,4,3,2,3,0,1,476340.74217622454
1010,4,1,1,0,1,1,217810.38574900705
716,3,2,2,1,1,0,162085.79323197514
1824,4,2,3,0,1,0,373047.27021981595
1655,3,3,1,1,1,0,341540.8668991393
2327,1,2,2,1,1,0,428480.5805891438
2310,1,1,3,0,1,0,404646.3182932392
2992,3,2,1,3,0,0,540902.3848794511
3423,1,3,1,3,0,1,637542.3336054314
1705,2,2,1,2,1,0,343780.2863775402
2714,4,2,2,1,0,0,511646.30602102936
590,2,2,2,2,1,0,165909.37184555133
1213,4,3,3,2,1,0,274244.85820985393
2381,1,2,2,0,1,1,376187.7682574051
538,2,2,2,0,1,1,145326.38835728564
672,1,1,1,0,0,0,79192.56688069762
1152,4,3,1,1,1,1,287070.98050038546
1253,3,2,1,0,0,1,247293.66031150293
1743,3,3,1,0,1,1,324182.50267049513
1581,2,2,1,1,1,1,311767.4823989725
2183,1,2,1,1,1,1,374677.3561271639
3023,1,2,1,3,0,1,524465.5250730154
955,2,1,3,0,1,0,223402.52659645007
1328,3,1,3,0,1,0,261163.31674023118
1394,4,1,3,0,1,0,290354.3763781935
1884,2,3,3,3,0,0,381897.9150767644
2458,4,3,1,0,0,0,424559.1557291515
2934,3,1,3,3,0,1,530396.1504575403
2496,1,3,1,2,1,0,419779.6270384121
2895,3,2,3,3,0,0,538564.3395910574
689,2,2,2,2,1,1,179646.726747436
1004,1,2,3,0,0,1,184869.1453191153
1714,2,1,3,2,0,0,311500.52801718353
2031,2,3,1,3,1,1,387896.5083761311
1323,3,1,3,1,0,1,295820.41766773886
1428,2,3,2,2,1,1,314666.0939857159
1433,3,2,1,2,1,1,282824.45084869734
1640,1,1,1,0,0,0,308981.32574400975
633,3,3,3,3,1,1,227479.80803021116
2605,1,3,1,2,1,0,458023.55262840673
1184,3,2,1,2,0,0,218523.31628609955
3219,4,1,1,2,0,1,549358.1284103962
2720,4,1,1,2,1,1,488589.7383068466
2352,2,1,1,1,0,1,410180.6466290051
1314,3,2,1,3,1,0,296245.1301931931
1672,3,1,2,0,1,1,339931.6419082147
579,1,2,3,0,0,1,117620.65138322905
3433,2,2,2,1,0,1,589120.0964232648
702,3,2,1,3,0,1,184107.68349503577
3311,2,3,1,2,0,1,629209.5455233976
1752,4,1,3,1,1,0,355093.8887819274
2199,3,1,2,3,1,1,405396.9360307726
1750,3,2,3,2,0,1,357707.3771343383
2182,2,2,2,1,0,1,397128.6342397847
2055,3,1,1,3,1,0,343469.2138569797
2594,2,2,3,0,1,1,480266.08926835674
1756,3,1,3,0,1,0,333188.83818642836
2049,1,3,1,3,1,0,385816.17569678964
1666,2,2,3,0,0,1,305428.62932218885
1896,3,1,2,3,1,1,350521.7153957553
3203,4,2,2,2,1,1,603027.6466815129
970,3,1,2,3,0,0,240669.13312885648
1535,4,1,2,2,1,0,326611.9721087447
1853,4,2,1,1,1,0,328734.0479888073
3283,1,3,3,3,0,0,587111.2671852264
3331,2,1,2,1,0,0,516731.2689732663
1467,3,1,1,0,0,0,256826.4873034347
857,1,1,3,2,1,1,216861.16897514483
1167,3,3,3,3,1,1,308201.96963408985
872,4,3,1,1,0,0,228939.3472906694
1531,2,2,1,2,0,1,322908.05307839566
1645,3,3,2,2,1,1,364950.3029481585
1871,3,2,3,0,0,0,318269.6154991824
3223,4,2,3,0,0,0,564059.3830748728
589,3,3,1,2,0,1,176517.83084537878
3245,3,2,3,2,1,0,581575.1654646125
1039,4,3,2,3,1,0,260507.2964979522
3279,1,2,3,2,1,1,554246.8773307281
1368,4,3,1,3,1,0,362214.89938918635
540,1,3,1,2,1,1,152225.10349588437
1239,2,2,2,0,1,1,307882.0410674891
2446,1,1,2,3,0,1,402074.19190487894
3049,1,2,3,1,1,1,548491.2013751802
1724,2,3,3,0,1,1,358192.8283277974
1428,1,1,1,3,0,0,240761.0094586988
2536,4,2,2,3,1,0,476048.85780358635
3008,1,2,2,1,1,0,515897.3986127806
3279,2,2,2,3,0,0,549967.6676566775
3299,4,1,3,2,0,1,580727.1881192914
1424,2,3,2,1,0,1,248301.95149218768
3456,2,2,1,0,1,0,594630.3198053748
2081,3,2,1,0,0,1,403693.0334824559
889,3,2,3,2,1,0,240437.27414997318
2117,2,2,3,0,1,0,440835.1625587556
3430,2,2,2,3,1,0,613141.9245519979
755,2,3,3,3,1,1,246106.1927755512
1208,3,3,1,2,0,1,294967.2566502022
2338,3,2,2,0,0,1,370679.7328682873
2444,1,1,1,0,1,1,420073.4639749913
2997,1,3,2,2,0,0,493891.30099366436
509,2,1,3,1,1,1,128731.9309685839
3371,4,3,2,0,1,1,592510.5345639617
1297,4,2,2,1,1,1,288295.68399965245
1376,3,3,1,0,0,0,293409.1992147539
1528,3,2,1,0,1,0,309879.7965001341
1515,3,3,2,0,1,1,323998.37234364805
2324,2,2,3,0,0,1,436053.6688241192
873,4,2,3,3,0,1,254619.72643184205
2693,1,2,1,1,0,1,464802.4837846669
723,2,2,3,1,0,0,146959.90427850428
1762,1,1,1,0,1,1,294513.3442128655
2724,1,2,3,0,0,1,472126.556678853
2302,2,1,2,1,1,1,427969.05766282167
1352,1,1,1,3,0,0,221228.40684552028
562,4,2,1,2,0,0,166073.0962044944
1740,1,1,2,2,0,1,282687.51087221096
3374,4,3,1,1,0,1,620618.3597143856
3342,4,2,3,0,0,1,599146.9455672945
1188,4,1,3,0,0,1,232277.27928088114
1984,3,2,1,3,1,1,362545.42924391414
2133,1,2,3,2,0,0,395698.63743168523
2652,2,2,1,3,0,0,492295.97829126334
1010,2,1,2,2,0,0,187564.28325101305
884,1,3,1,1,0,1,212332.08217232153
904,3,3,2,2,1,0,226755.2456394434
3370,3,1,3,3,0,0,602963.8820538578
1017,4,2,2,3,0,0,261213.81820730626
975,1,1,3,3,0,1,215355.9968296488
2500,1,1,1,1,0,1,378312.17387438833
3256,2,1,3,2,1,0,578023.7130024823
2168,1,2,1,2,0,1,392240.3854199373
2393,3,1,1,3,1,0,442158.59506389004
3318,1,2,2,2,0,0,561613.4812646196
1960,2,1,2,0,1,0,334424.2622333578
3224,4,3,2,0,1,0,607259.2554203823
1213,2,1,2,0,0,1,252912.7944163327
582,2,1,3,2,0,1,136791.5444631067
1668,4,3,3,1,1,1,396485.90021035506
3004,2,2,3,1,1,1,541233.3886927078
2401,2,2,1,1,0,0,419732.73906290345
2548,1,1,3,1,1,1,444672.8932716263
550,1,3,3,0,1,0,160940.13206829887
1184,4,2,3,0,1,1,308017.9837661954
1216,1,1,2,3,0,1,261061.4996919703
1969,1,3,3,2,1,1,410586.9416727883
948,2,2,1,2,1,0,217891.28705090756
1380,3,2,2,1,1,0,309783.43447068793
987,1,3,1,0,0,0,185363.73851918857
2323,3,3,3,1,0,0,455118.8595699613
2581,1,3,2,3,1,1,476080.2393606207
2642,1,3,1,2,0,0,419103.90025183355
2074,4,1,3,2,1,0,375377.9668235607
2701,4,3,1,1,0,1,485890.4243982156
749,4,2,1,3,0,1,212653.0796869742
1173,3,2,1,2,1,0,244708.40423332062
937,2,1,3,3,0,1,204727.66525230583
2665,1,2,3,3,0,0,488015.21843749686
1270,1,2,1,1,0,1,231399.75761100627
767,1,3,2,0,1,0,213666.1448406882
2484,3,2,2,1,0,0,470902.4747964027
1577,4,1,3,0,0,0,312987.62641142635
735,2,3,3,3,1,0,230319.22903316657
888,3,3,3,0,0,0,235544.80908712765
1262,4,1,3,3,0,1,280386.69448081194
2348,3,3,3,2,0,0,469432.6932594429
2948,2,3,2,2,0,0,544378.0411078106
1123,4,1,3,2,0,0,235401.295384192
3314,3,3,1,1,1,0,589170.9727664149
3466,2,1,1,1,1,0,577750.0764515233
1752,1,1,2,3,0,1,337792.3893490141
3400,2,2,1,2,0,1,568122.8329910133
1077,1,2,2,1,0,0,204594.79334447143
2622,3,3,2,2,1,1,503679.99320622307
934,4,3,1,1,1,0,262727.1844650715
2650,4,1,3,0,0,1,454512.4576918013
1263,3,3,1,0,0,1,247953.87693325744
3285,4,1,1,2,1,0,562339.9018405882
3353,4,1,2,3,0,1,584098.458558369
1829,1,3,1,1,1,1,313038.3439512497
2645,3,1,2,1,1,0,499713.905738303
3345,2,2,3,0,0,0,567143.8681730177
1858,1,3,3,0,1,1,358097.9095164006
3406,3,2,3,3,0,1,641352.7507607084
2982,1,3,1,3,0,1,535655.8699024762
946,2,1,2,3,0,0,194191.56245333303
2517,2,3,3,2,0,1,475842.1569061631
1831,3,2,2,0,0,1,348815.2573524704
748,2,1,2,2,0,1,204167.01713858554
665,1,3,3,0,1,0,176401.51596632815
1858,2,3,3,0,1,0,339858.8091628358
1519,1,3,2,1,1,0,267305.5178638941
1041,1,2,3,0,1,0,253653.22694813376
1258,2,2,2,0,0,1,237927.7060447474
2628,3,3,2,2,1,0,509604.2331126662
2680,4,1,3,0,1,1,494435.26861430105
1296,2,1,1,2,1,1,251066.90424243486
3447,1,2,3,3,0,1,589853.0516599375
637,1,1,1,0,1,1,172217.55763059066
2731,2,2,2,0,0,0,440688.7314271375
1853,3,3,2,2,1,0,372220.89538488147
3332,3,2,1,3,0,0,594931.315213674
2375,1,2,2,1,0,0,385587.0998310749
568,1,3,1,3,1,0,190545.6561555517
3093,3,1,1,2,0,1,546794.9943150725
2600,4,2,2,3,0,0,490435.91370264674
1973,2,2,1,2,1,0,357886.8619145146
704,1,3,3,2,1,0,167368.67689632086
2673,1,1,3,1,1,0,476090.9178826814
542,3,2,2,0,0,1,211272.89868967774
2406,2,3,2,2,0,1,450817.85071833717
2658,3,2,1,2,0,1,439179.091785362
1260,2,3,1,1,1,1,282150.32980253495
3395,2,1,1,2,0,1,581455.259428024
2642,2,1,1,0,0,0,417942.9513620813
2494,1,1,3,1,0,1,417189.7614782121
2435,4,1,3,0,0,1,431302.4354250742
1399,3,2,2,0,0,1,274222.72266272624
859,4,2,1,1,0,0,202406.73771443908
3447,3,1,1,2,0,0,559831.9778301299
2219,2,1,2,0,1,1,371133.2451729555
780,1,1,1,0,1,0,160487.50771350035
2387,4,2,1,0,1,0,436396.759202726
1166,1,1,1,0,0,1,201175.16459766368
592,3,1,1,1,0,0,145463.79433443028
1171,1,1,1,1,1,0,190246.4858888311
2469,1,3,2,3,0,0,452614.0584599352
560,4,1,1,3,1,1,165686.23599420875
3181,2,3,2,0,0,1,558939.7893622556
1528,1,3,1,2,0,1,306192.98210837936
1989,2,1,3,0,1,0,386973.02556572354
1103,3,3,3,2,1,1,282509.08833977825
1181,1,1,3,0,1,0,254484.37660108652
3081,4,2,3,3,1,0,568711.7371773982
1928,3,2,2,3,1,0,378716.44973271154
3385,3,2,2,2,0,1,590931.4365435265
3192,4,2,1,0,0,1,571282.4980135643
2780,1,3,3,2,0,1,514619.1815404583
1023,1,1,2,3,1,1,224151.43759723587
2893,3,1,1,0,1,0,469395.29316790955
3093,1,1,1,0,1,1,521211.1835153265
2468,2,2,2,2,1,0,432971.90730434057
1601,4,2,3,1,1,1,329832.0521240056
2253,2,1,1,2,1,1,380180.29820124636
2336,1,2,3,3,0,1,426736.6257839593
3341,3,1,3,3,0,0,606384.4859694138
2796,4,1,3,3,0,0,491092.7891123957
2594,1,1,1,3,0,0,467671.51906348177
1644,1,1,3,3,0,0,325796.20444907143
2761,3,1,1,1,1,0,449857.95873498754
2786,3,1,3,0,1,1,491244.49635643355
1579,2,1,1,2,1,0,276044.9946601839
2897,4,2,3,2,1,0,555849.1091547143
606,4,1,2,3,1,0,164136.7330465918
3378,3,1,3,2,1,0,560277.6104588764
547,2,2,3,3,0,1,163535.48446525823
836,4,2,1,1,1,0,235787.88147392517
1549,3,2,1,1,1,1,310499.6755231489
3351,1,1,3,0,1,1,571618.8772671337
1780,4,3,2,1,1,1,387744.6219509408
2555,2,3,2,1,0,0,430004.48814517853
1124,2,2,1,0,0,1,207612.5174569069
2390,2,3,2,2,1,0,450629.28374395194
1776,1,2,3,3,0,0,328252.9003268922
2215,4,1,1,3,0,0,441339.09100788314
3266,4,3,3,2,1,0,585333.5520983821
802,1,1,1,0,1,0,142114.797935343
1138,4,3,1,2,1,1,285510.88518959493
555,1,1,1,1,1,1,120692.13324433421
1225,1,3,1,0,1,0,189913.34802099585
1025,1,1,2,0,0,1,235443.62458827635
973,2,1,3,0,1,0,190463.89227547025
527,4,3,3,3,1,1,220267.8544536361
2625,1,1,3,2,1,1,439682.17657551693
864,4,1,1,0,0,1,177339.30185834022
3213,2,1,2,0,1,1,512491.3399463752
1025,1,3,3,0,1,1,223926.1319947384
3246,3,3,2,2,1,0,576014.3636510291
1835,2,1,1,3,0,0,327598.68645310204
1382,3,1,3,1,1,1,285848.62315247103
1530,4,3,2,3,1,0,317669.6034607234
1526,4,3,1,0,1,1,317422.0034331215
2146,2,1,2,3,0,0,413840.21333549614
1418,4,1,3,3,1,1,345267.81090823625
3297,3,1,3,1,1,1,589663.7405782938
2910,1,2,1,2,1,1,516761.98493480345
2274,1,3,1,2,0,0,446316.45602270693
2031,1,2,1,3,1,0,383074.95319176995
3353,2,3,2,3,1,1,617833.797210751
3286,4,3,2,2,1,1,578608.3394777292
2406,3,3,2,2,0,0,430647.38877523725
1715,4,3,1,1,0,0,345596.19365997595
2154,4,3,3,0,1,0,416951.15549851506
984,4,3,3,3,0,0,242640.89425953655
2575,1,3,2,2,0,0,440600.819035355
1213,3,2,2,3,0,1,243478.58715637744
1562,3,1,3,3,1,0,309472.310278359
2476,4,1,3,2,1,1,479188.711096218
1796,1,2,2,1,0,1,365326.4785296937
1754,1,2,2,3,0,0,344039.64365427237
2633,3,2,3,1,0,0,490673.1097007887
625,1,2,1,2,1,1,128279.33231203188
3359,1,3,2,0,1,0,578235.9341004404
1036,1,1,3,0,0,1,205060.8019340572
2692,2,3,3,3,0,0,504614.82193902356
2572,4,1,3,2,0,0,464586.2506104508
2103,3,1,3,1,0,0,419691.53482029337
566,3,2,1,3,1,1,177955.51032595645
732,2,3,3,2,0,0,202804.46709873746
2656,4,2,2,2,1,1,464151.195503063
1669,3,3,1,1,0,0,327216.48636111355
2658,1,1,3,3,0,1,487685.18700061267
2775,3,2,1,2,0,0,499361.5121628207
610,1,2,2,2,0,1,113388.18120513784
1993,2,1,3,2,0,1,360956.49853707553
2581,1,1,2,1,1,1,479787.9893472601
1122,3,1,3,3,0,1,251287.1855943695
3295,3,2,3,3,0,1,598698.3196542226
3142,3,3,3,3,0,1,613680.185745746
2972,2,2,3,3,1,0,535707.7171690619
3160,2,3,3,0,1,1,584820.597199158
2041,4,2,1,0,1,1,401377.91754316725
3239,3,2,3,3,1,1,606352.9772702078
1805,1,1,3,1,0,0,329334.3131366694
2261,2,3,1,0,0,0,392197.40242970426
2475,3,2,1,2,0,0,434294.0489715466
2862,3,2,1,0,1,1,489208.4763926335
1376,2,1,1,2,0,0,223605.81762259422
2489,4,1,1,3,0,0,473240.5982135329
1812,2,3,1,0,1,1,351001.6593376242
1960,2,2,3,1,1,1,405883.20365048916
3209,1,3,3,0,1,0,592657.453491693
2824,1,2,2,0,0,1,479668.3496181909
2233,4,3,3,0,0,1,413680.2173661875
2105,3,1,3,3,1,1,407826.23708295065
2026,2,2,1,1,0,1,352477.1278647376
3171,4,3,1,0,1,0,530046.9908189003
3063,1,1,3,1,1,1,515415.42190142244
3390,2,1,2,3,0,0,570069.2557587097
2897,3,3,1,2,1,0,515683.5120847069
2130,1,2,3,0,1,0,372069.09826097026
3370,1,2,3,1,1,0,552949.2835573409
1660,1,1,2,1,0,1,300918.4429670856
1258,4,2,2,3,1,1,336085.3856643248
3446,3,2,1,0,1,1,619472.477761023
742,2,2,2,2,1,0,204372.5377597393
3090,4,1,3,1,1,0,568008.1823786208
1563,4,3,3,0,1,0,341797.1371148175
728,4,2,2,2,1,1,178109.73641425918
3095,1,1,2,1,1,0,509861.366210786
1419,3,1,2,1,0,1,261464.446253357
1746,4,3,2,2,0,1,371993.9349869065
505,2,2,1,2,1,1,177414.2940787751
967,3,2,2,3,0,1,274518.1918049692
2255,2,3,1,0,0,0,403542.42062361067
574,3,3,3,0,1,1,157756.87325645288
503,2,1,2,3,0,0,139703.52100323956
2370,1,1,1,1,1,1,407297.12325826765
1145,4,3,2,2,1,0,297326.877410524
617,2,2,3,2,1,0,180166.0889919834
3428,3,1,3,2,1,1,606530.3654792137
2129,4,1,3,1,1,1,402708.78484225884
3051,4,2,2,2,0,1,546411.9603378224
2521,3,1,2,2,1,0,466414.64853630366
1446,2,2,1,3,0,1,248730.32567713
3121,1,2,3,1,1,1,539804.2286867235
